model,cv_rmse_mean,cv_rmse_std,train_time_s
XGBoost,25.736421392818933,0.6172446795125469,1.9047417640686035
Gradient Boosting,26.279607399588638,0.828245930041607,6.957818508148193
Random Forest,28.803217394265083,0.9085983435066101,44.07384443283081
Ridge Regression,35.188347678483765,1.014083266717904,0.15986204147338867
Linear Regression,35.188687438276446,1.0130744914098073,0.2693367004394531
Decision Tree,36.69492524428615,1.4380485673339642,0.33337879180908203
